i,size,capacity
0,1,1
1,2,2
2,3,4
4,5,8
8,9,16
16,17,32
32,33,64
64,65,128
128,129,256
256,257,512
512,513,1024
1000,1001,1024
1024,1025,2048
2000,2001,2048
2048,2049,4096
3000,3001,4096
4000,4001,4096
4096,4097,8192
5000,5001,8192
6000,6001,8192
7000,7001,8192
8000,8001,8192
8192,8193,16384
9000,9001,16384
10000,10001,16384
11000,11001,16384
12000,12001,16384
13000,13001,16384
14000,14001,16384
15000,15001,16384
16000,16001,16384
16384,16385,32768
17000,17001,32768
18000,18001,32768
19000,19001,32768
20000,20001,32768
21000,21001,32768
22000,22001,32768
23000,23001,32768
24000,24001,32768
25000,25001,32768
26000,26001,32768
27000,27001,32768
28000,28001,32768
29000,29001,32768
30000,30001,32768
31000,31001,32768
32000,32001,32768
32768,32769,65536
33000,33001,65536
34000,34001,65536
35000,35001,65536
36000,36001,65536
37000,37001,65536
38000,38001,65536
39000,39001,65536
40000,40001,65536
41000,41001,65536
42000,42001,65536
43000,43001,65536
44000,44001,65536
45000,45001,65536
46000,46001,65536
47000,47001,65536
48000,48001,65536
49000,49001,65536
50000,50001,65536
51000,51001,65536
52000,52001,65536
53000,53001,65536
54000,54001,65536
55000,55001,65536
56000,56001,65536
57000,57001,65536
58000,58001,65536
59000,59001,65536
60000,60001,65536
61000,61001,65536
62000,62001,65536
63000,63001,65536
64000,64001,65536
65000,65001,65536
65536,65537,131072
66000,66001,131072
67000,67001,131072
68000,68001,131072
69000,69001,131072
70000,70001,131072
71000,71001,131072
72000,72001,131072
73000,73001,131072
74000,74001,131072
75000,75001,131072
76000,76001,131072
77000,77001,131072
78000,78001,131072
79000,79001,131072
80000,80001,131072
81000,81001,131072
82000,82001,131072
83000,83001,131072
84000,84001,131072
85000,85001,131072
86000,86001,131072
87000,87001,131072
88000,88001,131072
89000,89001,131072
90000,90001,131072
91000,91001,131072
92000,92001,131072
93000,93001,131072
94000,94001,131072
95000,95001,131072
96000,96001,131072
97000,97001,131072
98000,98001,131072
99000,99001,131072
100000,100001,131072
101000,101001,131072
102000,102001,131072
103000,103001,131072
104000,104001,131072
105000,105001,131072
106000,106001,131072
107000,107001,131072
108000,108001,131072
109000,109001,131072
110000,110001,131072
111000,111001,131072
112000,112001,131072
113000,113001,131072
114000,114001,131072
115000,115001,131072
116000,116001,131072
117000,117001,131072
118000,118001,131072
119000,119001,131072
120000,120001,131072
121000,121001,131072
122000,122001,131072
123000,123001,131072
124000,124001,131072
125000,125001,131072
126000,126001,131072
127000,127001,131072
128000,128001,131072
129000,129001,131072
130000,130001,131072
131000,131001,131072
131072,131073,262144
132000,132001,262144
133000,133001,262144
134000,134001,262144
135000,135001,262144
136000,136001,262144
137000,137001,262144
138000,138001,262144
139000,139001,262144
140000,140001,262144
141000,141001,262144
142000,142001,262144
143000,143001,262144
144000,144001,262144
145000,145001,262144
146000,146001,262144
147000,147001,262144
148000,148001,262144
149000,149001,262144
150000,150001,262144
151000,151001,262144
152000,152001,262144
153000,153001,262144
154000,154001,262144
155000,155001,262144
156000,156001,262144
157000,157001,262144
158000,158001,262144
159000,159001,262144
160000,160001,262144
161000,161001,262144
162000,162001,262144
163000,163001,262144
164000,164001,262144
165000,165001,262144
166000,166001,262144
167000,167001,262144
168000,168001,262144
169000,169001,262144
170000,170001,262144
171000,171001,262144
172000,172001,262144
173000,173001,262144
174000,174001,262144
175000,175001,262144
176000,176001,262144
177000,177001,262144
178000,178001,262144
179000,179001,262144
180000,180001,262144
181000,181001,262144
182000,182001,262144
183000,183001,262144
184000,184001,262144
185000,185001,262144
186000,186001,262144
187000,187001,262144
188000,188001,262144
189000,189001,262144
190000,190001,262144
191000,191001,262144
192000,192001,262144
193000,193001,262144
194000,194001,262144
195000,195001,262144
196000,196001,262144
197000,197001,262144
198000,198001,262144
199000,199001,262144
200000,200001,262144
201000,201001,262144
202000,202001,262144
203000,203001,262144
204000,204001,262144
205000,205001,262144
206000,206001,262144
207000,207001,262144
208000,208001,262144
209000,209001,262144
210000,210001,262144
211000,211001,262144
212000,212001,262144
213000,213001,262144
214000,214001,262144
215000,215001,262144
216000,216001,262144
217000,217001,262144
218000,218001,262144
219000,219001,262144
220000,220001,262144
221000,221001,262144
222000,222001,262144
223000,223001,262144
224000,224001,262144
225000,225001,262144
226000,226001,262144
227000,227001,262144
228000,228001,262144
229000,229001,262144
230000,230001,262144
231000,231001,262144
232000,232001,262144
233000,233001,262144
234000,234001,262144
235000,235001,262144
236000,236001,262144
237000,237001,262144
238000,238001,262144
239000,239001,262144
240000,240001,262144
241000,241001,262144
242000,242001,262144
243000,243001,262144
244000,244001,262144
245000,245001,262144
246000,246001,262144
247000,247001,262144
248000,248001,262144
249000,249001,262144
250000,250001,262144
251000,251001,262144
252000,252001,262144
253000,253001,262144
254000,254001,262144
255000,255001,262144
256000,256001,262144
257000,257001,262144
258000,258001,262144
259000,259001,262144
260000,260001,262144
261000,261001,262144
262000,262001,262144
262144,262145,524288
263000,263001,524288
264000,264001,524288
265000,265001,524288
266000,266001,524288
267000,267001,524288
268000,268001,524288
269000,269001,524288
270000,270001,524288
271000,271001,524288
272000,272001,524288
273000,273001,524288
274000,274001,524288
275000,275001,524288
276000,276001,524288
277000,277001,524288
278000,278001,524288
279000,279001,524288
280000,280001,524288
281000,281001,524288
282000,282001,524288
283000,283001,524288
284000,284001,524288
285000,285001,524288
286000,286001,524288
287000,287001,524288
288000,288001,524288
289000,289001,524288
290000,290001,524288
291000,291001,524288
292000,292001,524288
293000,293001,524288
294000,294001,524288
295000,295001,524288
296000,296001,524288
297000,297001,524288
298000,298001,524288
299000,299001,524288
300000,300001,524288
301000,301001,524288
302000,302001,524288
303000,303001,524288
304000,304001,524288
305000,305001,524288
306000,306001,524288
307000,307001,524288
308000,308001,524288
309000,309001,524288
310000,310001,524288
311000,311001,524288
312000,312001,524288
313000,313001,524288
314000,314001,524288
315000,315001,524288
316000,316001,524288
317000,317001,524288
318000,318001,524288
319000,319001,524288
320000,320001,524288
321000,321001,524288
322000,322001,524288
323000,323001,524288
324000,324001,524288
325000,325001,524288
326000,326001,524288
327000,327001,524288
328000,328001,524288
329000,329001,524288
330000,330001,524288
331000,331001,524288
332000,332001,524288
333000,333001,524288
334000,334001,524288
335000,335001,524288
336000,336001,524288
337000,337001,524288
338000,338001,524288
339000,339001,524288
340000,340001,524288
341000,341001,524288
342000,342001,524288
343000,343001,524288
344000,344001,524288
345000,345001,524288
346000,346001,524288
347000,347001,524288
348000,348001,524288
349000,349001,524288
350000,350001,524288
351000,351001,524288
352000,352001,524288
353000,353001,524288
354000,354001,524288
355000,355001,524288
356000,356001,524288
357000,357001,524288
358000,358001,524288
359000,359001,524288
360000,360001,524288
361000,361001,524288
362000,362001,524288
363000,363001,524288
364000,364001,524288
365000,365001,524288
366000,366001,524288
367000,367001,524288
368000,368001,524288
369000,369001,524288
370000,370001,524288
371000,371001,524288
372000,372001,524288
373000,373001,524288
374000,374001,524288
375000,375001,524288
376000,376001,524288
377000,377001,524288
378000,378001,524288
379000,379001,524288
380000,380001,524288
381000,381001,524288
382000,382001,524288
383000,383001,524288
384000,384001,524288
385000,385001,524288
386000,386001,524288
387000,387001,524288
388000,388001,524288
389000,389001,524288
390000,390001,524288
391000,391001,524288
392000,392001,524288
393000,393001,524288
394000,394001,524288
395000,395001,524288
396000,396001,524288
397000,397001,524288
398000,398001,524288
399000,399001,524288
400000,400001,524288
401000,401001,524288
402000,402001,524288
403000,403001,524288
404000,404001,524288
405000,405001,524288
406000,406001,524288
407000,407001,524288
408000,408001,524288
409000,409001,524288
410000,410001,524288
411000,411001,524288
412000,412001,524288
413000,413001,524288
414000,414001,524288
415000,415001,524288
416000,416001,524288
417000,417001,524288
418000,418001,524288
419000,419001,524288
420000,420001,524288
421000,421001,524288
422000,422001,524288
423000,423001,524288
424000,424001,524288
425000,425001,524288
426000,426001,524288
427000,427001,524288
428000,428001,524288
429000,429001,524288
430000,430001,524288
431000,431001,524288
432000,432001,524288
433000,433001,524288
434000,434001,524288
435000,435001,524288
436000,436001,524288
437000,437001,524288
438000,438001,524288
439000,439001,524288
440000,440001,524288
441000,441001,524288
442000,442001,524288
443000,443001,524288
444000,444001,524288
445000,445001,524288
446000,446001,524288
447000,447001,524288
448000,448001,524288
449000,449001,524288
450000,450001,524288
451000,451001,524288
452000,452001,524288
453000,453001,524288
454000,454001,524288
455000,455001,524288
456000,456001,524288
457000,457001,524288
458000,458001,524288
459000,459001,524288
460000,460001,524288
461000,461001,524288
462000,462001,524288
463000,463001,524288
464000,464001,524288
465000,465001,524288
466000,466001,524288
467000,467001,524288
468000,468001,524288
469000,469001,524288
470000,470001,524288
471000,471001,524288
472000,472001,524288
473000,473001,524288
474000,474001,524288
475000,475001,524288
476000,476001,524288
477000,477001,524288
478000,478001,524288
479000,479001,524288
480000,480001,524288
481000,481001,524288
482000,482001,524288
483000,483001,524288
484000,484001,524288
485000,485001,524288
486000,486001,524288
487000,487001,524288
488000,488001,524288
489000,489001,524288
490000,490001,524288
491000,491001,524288
492000,492001,524288
493000,493001,524288
494000,494001,524288
495000,495001,524288
496000,496001,524288
497000,497001,524288
498000,498001,524288
499000,499001,524288
500000,500001,524288
501000,501001,524288
502000,502001,524288
503000,503001,524288
504000,504001,524288
505000,505001,524288
506000,506001,524288
507000,507001,524288
508000,508001,524288
509000,509001,524288
510000,510001,524288
511000,511001,524288
512000,512001,524288
513000,513001,524288
514000,514001,524288
515000,515001,524288
516000,516001,524288
517000,517001,524288
518000,518001,524288
519000,519001,524288
520000,520001,524288
521000,521001,524288
522000,522001,524288
523000,523001,524288
524000,524001,524288
524288,524289,1048576
525000,525001,1048576
526000,526001,1048576
527000,527001,1048576
528000,528001,1048576
529000,529001,1048576
530000,530001,1048576
531000,531001,1048576
532000,532001,1048576
533000,533001,1048576
534000,534001,1048576
535000,535001,1048576
536000,536001,1048576
537000,537001,1048576
538000,538001,1048576
539000,539001,1048576
540000,540001,1048576
541000,541001,1048576
542000,542001,1048576
543000,543001,1048576
544000,544001,1048576
545000,545001,1048576
546000,546001,1048576
547000,547001,1048576
548000,548001,1048576
549000,549001,1048576
550000,550001,1048576
551000,551001,1048576
552000,552001,1048576
553000,553001,1048576
554000,554001,1048576
555000,555001,1048576
556000,556001,1048576
557000,557001,1048576
558000,558001,1048576
559000,559001,1048576
560000,560001,1048576
561000,561001,1048576
562000,562001,1048576
563000,563001,1048576
564000,564001,1048576
565000,565001,1048576
566000,566001,1048576
567000,567001,1048576
568000,568001,1048576
569000,569001,1048576
570000,570001,1048576
571000,571001,1048576
572000,572001,1048576
573000,573001,1048576
574000,574001,1048576
575000,575001,1048576
576000,576001,1048576
577000,577001,1048576
578000,578001,1048576
579000,579001,1048576
580000,580001,1048576
581000,581001,1048576
582000,582001,1048576
583000,583001,1048576
584000,584001,1048576
585000,585001,1048576
586000,586001,1048576
587000,587001,1048576
588000,588001,1048576
589000,589001,1048576
590000,590001,1048576
591000,591001,1048576
592000,592001,1048576
593000,593001,1048576
594000,594001,1048576
595000,595001,1048576
596000,596001,1048576
597000,597001,1048576
598000,598001,1048576
599000,599001,1048576
600000,600001,1048576
601000,601001,1048576
602000,602001,1048576
603000,603001,1048576
604000,604001,1048576
605000,605001,1048576
606000,606001,1048576
607000,607001,1048576
608000,608001,1048576
609000,609001,1048576
610000,610001,1048576
611000,611001,1048576
612000,612001,1048576
613000,613001,1048576
614000,614001,1048576
615000,615001,1048576
616000,616001,1048576
617000,617001,1048576
618000,618001,1048576
619000,619001,1048576
620000,620001,1048576
621000,621001,1048576
622000,622001,1048576
623000,623001,1048576
624000,624001,1048576
625000,625001,1048576
626000,626001,1048576
627000,627001,1048576
628000,628001,1048576
629000,629001,1048576
630000,630001,1048576
631000,631001,1048576
632000,632001,1048576
633000,633001,1048576
634000,634001,1048576
635000,635001,1048576
636000,636001,1048576
637000,637001,1048576
638000,638001,1048576
639000,639001,1048576
640000,640001,1048576
641000,641001,1048576
642000,642001,1048576
643000,643001,1048576
644000,644001,1048576
645000,645001,1048576
646000,646001,1048576
647000,647001,1048576
648000,648001,1048576
649000,649001,1048576
650000,650001,1048576
651000,651001,1048576
652000,652001,1048576
653000,653001,1048576
654000,654001,1048576
655000,655001,1048576
656000,656001,1048576
657000,657001,1048576
658000,658001,1048576
659000,659001,1048576
660000,660001,1048576
661000,661001,1048576
662000,662001,1048576
663000,663001,1048576
664000,664001,1048576
665000,665001,1048576
666000,666001,1048576
667000,667001,1048576
668000,668001,1048576
669000,669001,1048576
670000,670001,1048576
671000,671001,1048576
672000,672001,1048576
673000,673001,1048576
674000,674001,1048576
675000,675001,1048576
676000,676001,1048576
677000,677001,1048576
678000,678001,1048576
679000,679001,1048576
680000,680001,1048576
681000,681001,1048576
682000,682001,1048576
683000,683001,1048576
684000,684001,1048576
685000,685001,1048576
686000,686001,1048576
687000,687001,1048576
688000,688001,1048576
689000,689001,1048576
690000,690001,1048576
691000,691001,1048576
692000,692001,1048576
693000,693001,1048576
694000,694001,1048576
695000,695001,1048576
696000,696001,1048576
697000,697001,1048576
698000,698001,1048576
699000,699001,1048576
700000,700001,1048576
701000,701001,1048576
702000,702001,1048576
703000,703001,1048576
704000,704001,1048576
705000,705001,1048576
706000,706001,1048576
707000,707001,1048576
708000,708001,1048576
709000,709001,1048576
710000,710001,1048576
711000,711001,1048576
712000,712001,1048576
713000,713001,1048576
714000,714001,1048576
715000,715001,1048576
716000,716001,1048576
717000,717001,1048576
718000,718001,1048576
719000,719001,1048576
720000,720001,1048576
721000,721001,1048576
722000,722001,1048576
723000,723001,1048576
724000,724001,1048576
725000,725001,1048576
726000,726001,1048576
727000,727001,1048576
728000,728001,1048576
729000,729001,1048576
730000,730001,1048576
731000,731001,1048576
732000,732001,1048576
733000,733001,1048576
734000,734001,1048576
735000,735001,1048576
736000,736001,1048576
737000,737001,1048576
738000,738001,1048576
739000,739001,1048576
740000,740001,1048576
741000,741001,1048576
742000,742001,1048576
743000,743001,1048576
744000,744001,1048576
745000,745001,1048576
746000,746001,1048576
747000,747001,1048576
748000,748001,1048576
749000,749001,1048576
750000,750001,1048576
751000,751001,1048576
752000,752001,1048576
753000,753001,1048576
754000,754001,1048576
755000,755001,1048576
756000,756001,1048576
757000,757001,1048576
758000,758001,1048576
759000,759001,1048576
760000,760001,1048576
761000,761001,1048576
762000,762001,1048576
763000,763001,1048576
764000,764001,1048576
765000,765001,1048576
766000,766001,1048576
767000,767001,1048576
768000,768001,1048576
769000,769001,1048576
770000,770001,1048576
771000,771001,1048576
772000,772001,1048576
773000,773001,1048576
774000,774001,1048576
775000,775001,1048576
776000,776001,1048576
777000,777001,1048576
778000,778001,1048576
779000,779001,1048576
780000,780001,1048576
781000,781001,1048576
782000,782001,1048576
783000,783001,1048576
784000,784001,1048576
785000,785001,1048576
786000,786001,1048576
787000,787001,1048576
788000,788001,1048576
789000,789001,1048576
790000,790001,1048576
791000,791001,1048576
792000,792001,1048576
793000,793001,1048576
794000,794001,1048576
795000,795001,1048576
796000,796001,1048576
797000,797001,1048576
798000,798001,1048576
799000,799001,1048576
800000,800001,1048576
801000,801001,1048576
802000,802001,1048576
803000,803001,1048576
804000,804001,1048576
805000,805001,1048576
806000,806001,1048576
807000,807001,1048576
808000,808001,1048576
809000,809001,1048576
810000,810001,1048576
811000,811001,1048576
812000,812001,1048576
813000,813001,1048576
814000,814001,1048576
815000,815001,1048576
816000,816001,1048576
817000,817001,1048576
818000,818001,1048576
819000,819001,1048576
820000,820001,1048576
821000,821001,1048576
822000,822001,1048576
823000,823001,1048576
824000,824001,1048576
825000,825001,1048576
826000,826001,1048576
827000,827001,1048576
828000,828001,1048576
829000,829001,1048576
830000,830001,1048576
831000,831001,1048576
832000,832001,1048576
833000,833001,1048576
834000,834001,1048576
835000,835001,1048576
836000,836001,1048576
837000,837001,1048576
838000,838001,1048576
839000,839001,1048576
840000,840001,1048576
841000,841001,1048576
842000,842001,1048576
843000,843001,1048576
844000,844001,1048576
845000,845001,1048576
846000,846001,1048576
847000,847001,1048576
848000,848001,1048576
849000,849001,1048576
850000,850001,1048576
851000,851001,1048576
852000,852001,1048576
853000,853001,1048576
854000,854001,1048576
855000,855001,1048576
856000,856001,1048576
857000,857001,1048576
858000,858001,1048576
859000,859001,1048576
860000,860001,1048576
861000,861001,1048576
862000,862001,1048576
863000,863001,1048576
864000,864001,1048576
865000,865001,1048576
866000,866001,1048576
867000,867001,1048576
868000,868001,1048576
869000,869001,1048576
870000,870001,1048576
871000,871001,1048576
872000,872001,1048576
873000,873001,1048576
874000,874001,1048576
875000,875001,1048576
876000,876001,1048576
877000,877001,1048576
878000,878001,1048576
879000,879001,1048576
880000,880001,1048576
881000,881001,1048576
882000,882001,1048576
883000,883001,1048576
884000,884001,1048576
885000,885001,1048576
886000,886001,1048576
887000,887001,1048576
888000,888001,1048576
889000,889001,1048576
890000,890001,1048576
891000,891001,1048576
892000,892001,1048576
893000,893001,1048576
894000,894001,1048576
895000,895001,1048576
896000,896001,1048576
897000,897001,1048576
898000,898001,1048576
899000,899001,1048576
900000,900001,1048576
901000,901001,1048576
902000,902001,1048576
903000,903001,1048576
904000,904001,1048576
905000,905001,1048576
906000,906001,1048576
907000,907001,1048576
908000,908001,1048576
909000,909001,1048576
910000,910001,1048576
911000,911001,1048576
912000,912001,1048576
913000,913001,1048576
914000,914001,1048576
915000,915001,1048576
916000,916001,1048576
917000,917001,1048576
918000,918001,1048576
919000,919001,1048576
920000,920001,1048576
921000,921001,1048576
922000,922001,1048576
923000,923001,1048576
924000,924001,1048576
925000,925001,1048576
926000,926001,1048576
927000,927001,1048576
928000,928001,1048576
929000,929001,1048576
930000,930001,1048576
931000,931001,1048576
932000,932001,1048576
933000,933001,1048576
934000,934001,1048576
935000,935001,1048576
936000,936001,1048576
937000,937001,1048576
938000,938001,1048576
939000,939001,1048576
940000,940001,1048576
941000,941001,1048576
942000,942001,1048576
943000,943001,1048576
944000,944001,1048576
945000,945001,1048576
946000,946001,1048576
947000,947001,1048576
948000,948001,1048576
949000,949001,1048576
950000,950001,1048576
951000,951001,1048576
952000,952001,1048576
953000,953001,1048576
954000,954001,1048576
955000,955001,1048576
956000,956001,1048576
957000,957001,1048576
958000,958001,1048576
959000,959001,1048576
960000,960001,1048576
961000,961001,1048576
962000,962001,1048576
963000,963001,1048576
964000,964001,1048576
965000,965001,1048576
966000,966001,1048576
967000,967001,1048576
968000,968001,1048576
969000,969001,1048576
970000,970001,1048576
971000,971001,1048576
972000,972001,1048576
973000,973001,1048576
974000,974001,1048576
975000,975001,1048576
976000,976001,1048576
977000,977001,1048576
978000,978001,1048576
979000,979001,1048576
980000,980001,1048576
981000,981001,1048576
982000,982001,1048576
983000,983001,1048576
984000,984001,1048576
985000,985001,1048576
986000,986001,1048576
987000,987001,1048576
988000,988001,1048576
989000,989001,1048576
990000,990001,1048576
991000,991001,1048576
992000,992001,1048576
993000,993001,1048576
994000,994001,1048576
995000,995001,1048576
996000,996001,1048576
997000,997001,1048576
998000,998001,1048576
999000,999001,1048576
1000000,1000001,1048576
1001000,1001001,1048576
1002000,1002001,1048576
1003000,1003001,1048576
1004000,1004001,1048576
1005000,1005001,1048576
1006000,1006001,1048576
1007000,1007001,1048576
1008000,1008001,1048576
1009000,1009001,1048576
1010000,1010001,1048576
1011000,1011001,1048576
1012000,1012001,1048576
1013000,1013001,1048576
1014000,1014001,1048576
1015000,1015001,1048576
1016000,1016001,1048576
1017000,1017001,1048576
1018000,1018001,1048576
1019000,1019001,1048576
1020000,1020001,1048576
1021000,1021001,1048576
1022000,1022001,1048576
1023000,1023001,1048576
1024000,1024001,1048576
1025000,1025001,1048576
1026000,1026001,1048576
1027000,1027001,1048576
1028000,1028001,1048576
1029000,1029001,1048576
1030000,1030001,1048576
1031000,1031001,1048576
1032000,1032001,1048576
1033000,1033001,1048576
1034000,1034001,1048576
1035000,1035001,1048576
1036000,1036001,1048576
1037000,1037001,1048576
1038000,1038001,1048576
1039000,1039001,1048576
1040000,1040001,1048576
1041000,1041001,1048576
1042000,1042001,1048576
1043000,1043001,1048576
1044000,1044001,1048576
1045000,1045001,1048576
1046000,1046001,1048576
1047000,1047001,1048576
1048000,1048001,1048576
1048576,1048577,2097152
1049000,1049001,2097152
1050000,1050001,2097152
1051000,1051001,2097152
1052000,1052001,2097152
1053000,1053001,2097152
1054000,1054001,2097152
1055000,1055001,2097152
1056000,1056001,2097152
1057000,1057001,2097152
1058000,1058001,2097152
1059000,1059001,2097152
1060000,1060001,2097152
1061000,1061001,2097152
1062000,1062001,2097152
1063000,1063001,2097152
1064000,1064001,2097152
1065000,1065001,2097152
1066000,1066001,2097152
1067000,1067001,2097152
1068000,1068001,2097152
1069000,1069001,2097152
1070000,1070001,2097152
1071000,1071001,2097152
1072000,1072001,2097152
1073000,1073001,2097152
1074000,1074001,2097152
1075000,1075001,2097152
1076000,1076001,2097152
1077000,1077001,2097152
1078000,1078001,2097152
1079000,1079001,2097152
1080000,1080001,2097152
1081000,1081001,2097152
1082000,1082001,2097152
1083000,1083001,2097152
1084000,1084001,2097152
1085000,1085001,2097152
1086000,1086001,2097152
1087000,1087001,2097152
1088000,1088001,2097152
1089000,1089001,2097152
1090000,1090001,2097152
1091000,1091001,2097152
1092000,1092001,2097152
1093000,1093001,2097152
1094000,1094001,2097152
1095000,1095001,2097152
1096000,1096001,2097152
1097000,1097001,2097152
1098000,1098001,2097152
1099000,1099001,2097152
1100000,1100001,2097152
1101000,1101001,2097152
1102000,1102001,2097152
1103000,1103001,2097152
1104000,1104001,2097152
1105000,1105001,2097152
1106000,1106001,2097152
1107000,1107001,2097152
1108000,1108001,2097152
1109000,1109001,2097152
1110000,1110001,2097152
1111000,1111001,2097152
1112000,1112001,2097152
1113000,1113001,2097152
1114000,1114001,2097152
1115000,1115001,2097152
1116000,1116001,2097152
1117000,1117001,2097152
1118000,1118001,2097152
1119000,1119001,2097152
1120000,1120001,2097152
1121000,1121001,2097152
1122000,1122001,2097152
1123000,1123001,2097152
1124000,1124001,2097152
1125000,1125001,2097152
1126000,1126001,2097152
1127000,1127001,2097152
1128000,1128001,2097152
1129000,1129001,2097152
1130000,1130001,2097152
1131000,1131001,2097152
1132000,1132001,2097152
1133000,1133001,2097152
1134000,1134001,2097152
1135000,1135001,2097152
1136000,1136001,2097152
1137000,1137001,2097152
1138000,1138001,2097152
1139000,1139001,2097152
1140000,1140001,2097152
1141000,1141001,2097152
1142000,1142001,2097152
1143000,1143001,2097152
1144000,1144001,2097152
1145000,1145001,2097152
1146000,1146001,2097152
1147000,1147001,2097152
1148000,1148001,2097152
1149000,1149001,2097152
1150000,1150001,2097152
1151000,1151001,2097152
1152000,1152001,2097152
1153000,1153001,2097152
1154000,1154001,2097152
1155000,1155001,2097152
1156000,1156001,2097152
1157000,1157001,2097152
1158000,1158001,2097152
1159000,1159001,2097152
1160000,1160001,2097152
1161000,1161001,2097152
1162000,1162001,2097152
1163000,1163001,2097152
1164000,1164001,2097152
1165000,1165001,2097152
1166000,1166001,2097152
1167000,1167001,2097152
1168000,1168001,2097152
1169000,1169001,2097152
1170000,1170001,2097152
1171000,1171001,2097152
1172000,1172001,2097152
1173000,1173001,2097152
1174000,1174001,2097152
1175000,1175001,2097152
1176000,1176001,2097152
1177000,1177001,2097152
1178000,1178001,2097152
1179000,1179001,2097152
1180000,1180001,2097152
1181000,1181001,2097152
1182000,1182001,2097152
1183000,1183001,2097152
1184000,1184001,2097152
1185000,1185001,2097152
1186000,1186001,2097152
1187000,1187001,2097152
1188000,1188001,2097152
1189000,1189001,2097152
1190000,1190001,2097152
1191000,1191001,2097152
1192000,1192001,2097152
1193000,1193001,2097152
1194000,1194001,2097152
1195000,1195001,2097152
1196000,1196001,2097152
1197000,1197001,2097152
1198000,1198001,2097152
1199000,1199001,2097152
1200000,1200001,2097152
1201000,1201001,2097152
1202000,1202001,2097152
1203000,1203001,2097152
1204000,1204001,2097152
1205000,1205001,2097152
1206000,1206001,2097152
1207000,1207001,2097152
1208000,1208001,2097152
1209000,1209001,2097152
1210000,1210001,2097152
1211000,1211001,2097152
1212000,1212001,2097152
1213000,1213001,2097152
1214000,1214001,2097152
1215000,1215001,2097152
1216000,1216001,2097152
1217000,1217001,2097152
1218000,1218001,2097152
1219000,1219001,2097152
1220000,1220001,2097152
1221000,1221001,2097152
1222000,1222001,2097152
1223000,1223001,2097152
1224000,1224001,2097152
1225000,1225001,2097152
1226000,1226001,2097152
1227000,1227001,2097152
1228000,1228001,2097152
1229000,1229001,2097152
1230000,1230001,2097152
1231000,1231001,2097152
1232000,1232001,2097152
1233000,1233001,2097152
1234000,1234001,2097152
1235000,1235001,2097152
1236000,1236001,2097152
1237000,1237001,2097152
1238000,1238001,2097152
1239000,1239001,2097152
1240000,1240001,2097152
1241000,1241001,2097152
1242000,1242001,2097152
1243000,1243001,2097152
1244000,1244001,2097152
1245000,1245001,2097152
1246000,1246001,2097152
1247000,1247001,2097152
1248000,1248001,2097152
1249000,1249001,2097152
1250000,1250001,2097152
1251000,1251001,2097152
1252000,1252001,2097152
1253000,1253001,2097152
1254000,1254001,2097152
1255000,1255001,2097152
1256000,1256001,2097152
1257000,1257001,2097152
1258000,1258001,2097152
1259000,1259001,2097152
1260000,1260001,2097152
1261000,1261001,2097152
1262000,1262001,2097152
1263000,1263001,2097152
1264000,1264001,2097152
1265000,1265001,2097152
1266000,1266001,2097152
1267000,1267001,2097152
1268000,1268001,2097152
1269000,1269001,2097152
1270000,1270001,2097152
1271000,1271001,2097152
1272000,1272001,2097152
1273000,1273001,2097152
1274000,1274001,2097152
1275000,1275001,2097152
1276000,1276001,2097152
1277000,1277001,2097152
1278000,1278001,2097152
1279000,1279001,2097152
1280000,1280001,2097152
1281000,1281001,2097152
1282000,1282001,2097152
1283000,1283001,2097152
1284000,1284001,2097152
1285000,1285001,2097152
1286000,1286001,2097152
1287000,1287001,2097152
1288000,1288001,2097152
1289000,1289001,2097152
1290000,1290001,2097152
1291000,1291001,2097152
1292000,1292001,2097152
1293000,1293001,2097152
1294000,1294001,2097152
1295000,1295001,2097152
1296000,1296001,2097152
1297000,1297001,2097152
1298000,1298001,2097152
1299000,1299001,2097152
1300000,1300001,2097152
1301000,1301001,2097152
1302000,1302001,2097152
1303000,1303001,2097152
1304000,1304001,2097152
1305000,1305001,2097152
1306000,1306001,2097152
1307000,1307001,2097152
1308000,1308001,2097152
1309000,1309001,2097152
1310000,1310001,2097152
1311000,1311001,2097152
1312000,1312001,2097152
1313000,1313001,2097152
1314000,1314001,2097152
1315000,1315001,2097152
1316000,1316001,2097152
1317000,1317001,2097152
1318000,1318001,2097152
1319000,1319001,2097152
1320000,1320001,2097152
1321000,1321001,2097152
1322000,1322001,2097152
1323000,1323001,2097152
1324000,1324001,2097152
1325000,1325001,2097152
1326000,1326001,2097152
1327000,1327001,2097152
1328000,1328001,2097152
1329000,1329001,2097152
1330000,1330001,2097152
1331000,1331001,2097152
1332000,1332001,2097152
1333000,1333001,2097152
1334000,1334001,2097152
1335000,1335001,2097152
1336000,1336001,2097152
1337000,1337001,2097152
1338000,1338001,2097152
1339000,1339001,2097152
1340000,1340001,2097152
1341000,1341001,2097152
1342000,1342001,2097152
1343000,1343001,2097152
1344000,1344001,2097152
1345000,1345001,2097152
1346000,1346001,2097152
1347000,1347001,2097152
1348000,1348001,2097152
1349000,1349001,2097152
1350000,1350001,2097152
1351000,1351001,2097152
1352000,1352001,2097152
1353000,1353001,2097152
1354000,1354001,2097152
1355000,1355001,2097152
1356000,1356001,2097152
1357000,1357001,2097152
1358000,1358001,2097152
1359000,1359001,2097152
1360000,1360001,2097152
1361000,1361001,2097152
1362000,1362001,2097152
1363000,1363001,2097152
1364000,1364001,2097152
1365000,1365001,2097152
1366000,1366001,2097152
1367000,1367001,2097152
1368000,1368001,2097152
1369000,1369001,2097152
1370000,1370001,2097152
1371000,1371001,2097152
1372000,1372001,2097152
1373000,1373001,2097152
1374000,1374001,2097152
1375000,1375001,2097152
1376000,1376001,2097152
1377000,1377001,2097152
1378000,1378001,2097152
1379000,1379001,2097152
1380000,1380001,2097152
1381000,1381001,2097152
1382000,1382001,2097152
1383000,1383001,2097152
1384000,1384001,2097152
1385000,1385001,2097152
1386000,1386001,2097152
1387000,1387001,2097152
1388000,1388001,2097152
1389000,1389001,2097152
1390000,1390001,2097152
1391000,1391001,2097152
1392000,1392001,2097152
1393000,1393001,2097152
1394000,1394001,2097152
1395000,1395001,2097152
1396000,1396001,2097152
1397000,1397001,2097152
1398000,1398001,2097152
1399000,1399001,2097152
1400000,1400001,2097152
1401000,1401001,2097152
1402000,1402001,2097152
1403000,1403001,2097152
1404000,1404001,2097152
1405000,1405001,2097152
1406000,1406001,2097152
1407000,1407001,2097152
1408000,1408001,2097152
1409000,1409001,2097152
1410000,1410001,2097152
1411000,1411001,2097152
1412000,1412001,2097152
1413000,1413001,2097152
1414000,1414001,2097152
1415000,1415001,2097152
1416000,1416001,2097152
1417000,1417001,2097152
1418000,1418001,2097152
1419000,1419001,2097152
1420000,1420001,2097152
1421000,1421001,2097152
1422000,1422001,2097152
1423000,1423001,2097152
1424000,1424001,2097152
1425000,1425001,2097152
1426000,1426001,2097152
1427000,1427001,2097152
1428000,1428001,2097152
1429000,1429001,2097152
1430000,1430001,2097152
1431000,1431001,2097152
1432000,1432001,2097152
1433000,1433001,2097152
1434000,1434001,2097152
1435000,1435001,2097152
1436000,1436001,2097152
1437000,1437001,2097152
1438000,1438001,2097152
1439000,1439001,2097152
1440000,1440001,2097152
1441000,1441001,2097152
1442000,1442001,2097152
1443000,1443001,2097152
1444000,1444001,2097152
1445000,1445001,2097152
1446000,1446001,2097152
1447000,1447001,2097152
1448000,1448001,2097152
1449000,1449001,2097152
1450000,1450001,2097152
1451000,1451001,2097152
1452000,1452001,2097152
1453000,1453001,2097152
1454000,1454001,2097152
1455000,1455001,2097152
1456000,1456001,2097152
1457000,1457001,2097152
1458000,1458001,2097152
1459000,1459001,2097152
1460000,1460001,2097152
1461000,1461001,2097152
1462000,1462001,2097152
1463000,1463001,2097152
1464000,1464001,2097152
1465000,1465001,2097152
1466000,1466001,2097152
1467000,1467001,2097152
1468000,1468001,2097152
1469000,1469001,2097152
1470000,1470001,2097152
1471000,1471001,2097152
1472000,1472001,2097152
1473000,1473001,2097152
1474000,1474001,2097152
1475000,1475001,2097152
1476000,1476001,2097152
1477000,1477001,2097152
1478000,1478001,2097152
1479000,1479001,2097152
1480000,1480001,2097152
1481000,1481001,2097152
1482000,1482001,2097152
1483000,1483001,2097152
1484000,1484001,2097152
1485000,1485001,2097152
1486000,1486001,2097152
1487000,1487001,2097152
1488000,1488001,2097152
1489000,1489001,2097152
1490000,1490001,2097152
1491000,1491001,2097152
1492000,1492001,2097152
1493000,1493001,2097152
1494000,1494001,2097152
1495000,1495001,2097152
1496000,1496001,2097152
1497000,1497001,2097152
1498000,1498001,2097152
1499000,1499001,2097152
1500000,1500001,2097152
1501000,1501001,2097152
1502000,1502001,2097152
1503000,1503001,2097152
1504000,1504001,2097152
1505000,1505001,2097152
1506000,1506001,2097152
1507000,1507001,2097152
1508000,1508001,2097152
1509000,1509001,2097152
1510000,1510001,2097152
1511000,1511001,2097152
1512000,1512001,2097152
1513000,1513001,2097152
1514000,1514001,2097152
1515000,1515001,2097152
1516000,1516001,2097152
1517000,1517001,2097152
1518000,1518001,2097152
1519000,1519001,2097152
1520000,1520001,2097152
1521000,1521001,2097152
1522000,1522001,2097152
1523000,1523001,2097152
1524000,1524001,2097152
1525000,1525001,2097152
1526000,1526001,2097152
1527000,1527001,2097152
1528000,1528001,2097152
1529000,1529001,2097152
1530000,1530001,2097152
1531000,1531001,2097152
1532000,1532001,2097152
1533000,1533001,2097152
1534000,1534001,2097152
1535000,1535001,2097152
1536000,1536001,2097152
1537000,1537001,2097152
1538000,1538001,2097152
1539000,1539001,2097152
1540000,1540001,2097152
1541000,1541001,2097152
1542000,1542001,2097152
1543000,1543001,2097152
1544000,1544001,2097152
1545000,1545001,2097152
1546000,1546001,2097152
1547000,1547001,2097152
1548000,1548001,2097152
1549000,1549001,2097152
1550000,1550001,2097152
1551000,1551001,2097152
1552000,1552001,2097152
1553000,1553001,2097152
1554000,1554001,2097152
1555000,1555001,2097152
1556000,1556001,2097152
1557000,1557001,2097152
1558000,1558001,2097152
1559000,1559001,2097152
1560000,1560001,2097152
1561000,1561001,2097152
1562000,1562001,2097152
1563000,1563001,2097152
1564000,1564001,2097152
1565000,1565001,2097152
1566000,1566001,2097152
1567000,1567001,2097152
1568000,1568001,2097152
1569000,1569001,2097152
1570000,1570001,2097152
1571000,1571001,2097152
1572000,1572001,2097152
1573000,1573001,2097152
1574000,1574001,2097152
1575000,1575001,2097152
1576000,1576001,2097152
1577000,1577001,2097152
1578000,1578001,2097152
1579000,1579001,2097152
1580000,1580001,2097152
1581000,1581001,2097152
1582000,1582001,2097152
1583000,1583001,2097152
1584000,1584001,2097152
1585000,1585001,2097152
1586000,1586001,2097152
1587000,1587001,2097152
1588000,1588001,2097152
1589000,1589001,2097152
1590000,1590001,2097152
1591000,1591001,2097152
1592000,1592001,2097152
1593000,1593001,2097152
1594000,1594001,2097152
1595000,1595001,2097152
1596000,1596001,2097152
1597000,1597001,2097152
1598000,1598001,2097152
1599000,1599001,2097152
1600000,1600001,2097152
1601000,1601001,2097152
1602000,1602001,2097152
1603000,1603001,2097152
1604000,1604001,2097152
1605000,1605001,2097152
1606000,1606001,2097152
1607000,1607001,2097152
1608000,1608001,2097152
1609000,1609001,2097152
1610000,1610001,2097152
1611000,1611001,2097152
1612000,1612001,2097152
1613000,1613001,2097152
1614000,1614001,2097152
1615000,1615001,2097152
1616000,1616001,2097152
1617000,1617001,2097152
1618000,1618001,2097152
1619000,1619001,2097152
1620000,1620001,2097152
1621000,1621001,2097152
1622000,1622001,2097152
1623000,1623001,2097152
1624000,1624001,2097152
1625000,1625001,2097152
1626000,1626001,2097152
1627000,1627001,2097152
1628000,1628001,2097152
1629000,1629001,2097152
1630000,1630001,2097152
1631000,1631001,2097152
1632000,1632001,2097152
1633000,1633001,2097152
1634000,1634001,2097152
1635000,1635001,2097152
1636000,1636001,2097152
1637000,1637001,2097152
1638000,1638001,2097152
1639000,1639001,2097152
1640000,1640001,2097152
1641000,1641001,2097152
1642000,1642001,2097152
1643000,1643001,2097152
1644000,1644001,2097152
1645000,1645001,2097152
1646000,1646001,2097152
1647000,1647001,2097152
1648000,1648001,2097152
1649000,1649001,2097152
1650000,1650001,2097152
1651000,1651001,2097152
1652000,1652001,2097152
1653000,1653001,2097152
1654000,1654001,2097152
1655000,1655001,2097152
1656000,1656001,2097152
1657000,1657001,2097152
1658000,1658001,2097152
1659000,1659001,2097152
1660000,1660001,2097152
1661000,1661001,2097152
1662000,1662001,2097152
1663000,1663001,2097152
1664000,1664001,2097152
1665000,1665001,2097152
1666000,1666001,2097152
1667000,1667001,2097152
1668000,1668001,2097152
1669000,1669001,2097152
1670000,1670001,2097152
1671000,1671001,2097152
1672000,1672001,2097152
1673000,1673001,2097152
1674000,1674001,2097152
1675000,1675001,2097152
1676000,1676001,2097152
1677000,1677001,2097152
1678000,1678001,2097152
1679000,1679001,2097152
1680000,1680001,2097152
1681000,1681001,2097152
1682000,1682001,2097152
1683000,1683001,2097152
1684000,1684001,2097152
1685000,1685001,2097152
1686000,1686001,2097152
1687000,1687001,2097152
1688000,1688001,2097152
1689000,1689001,2097152
1690000,1690001,2097152
1691000,1691001,2097152
1692000,1692001,2097152
1693000,1693001,2097152
1694000,1694001,2097152
1695000,1695001,2097152
1696000,1696001,2097152
1697000,1697001,2097152
1698000,1698001,2097152
1699000,1699001,2097152
1700000,1700001,2097152
1701000,1701001,2097152
1702000,1702001,2097152
1703000,1703001,2097152
1704000,1704001,2097152
1705000,1705001,2097152
1706000,1706001,2097152
1707000,1707001,2097152
1708000,1708001,2097152
1709000,1709001,2097152
1710000,1710001,2097152
1711000,1711001,2097152
1712000,1712001,2097152
1713000,1713001,2097152
1714000,1714001,2097152
1715000,1715001,2097152
1716000,1716001,2097152
1717000,1717001,2097152
1718000,1718001,2097152
1719000,1719001,2097152
1720000,1720001,2097152
1721000,1721001,2097152
1722000,1722001,2097152
1723000,1723001,2097152
1724000,1724001,2097152
1725000,1725001,2097152
1726000,1726001,2097152
1727000,1727001,2097152
1728000,1728001,2097152
1729000,1729001,2097152
1730000,1730001,2097152
1731000,1731001,2097152
1732000,1732001,2097152
1733000,1733001,2097152
1734000,1734001,2097152
1735000,1735001,2097152
1736000,1736001,2097152
1737000,1737001,2097152
1738000,1738001,2097152
1739000,1739001,2097152
1740000,1740001,2097152
1741000,1741001,2097152
1742000,1742001,2097152
1743000,1743001,2097152
1744000,1744001,2097152
1745000,1745001,2097152
1746000,1746001,2097152
1747000,1747001,2097152
1748000,1748001,2097152
1749000,1749001,2097152
1750000,1750001,2097152
1751000,1751001,2097152
1752000,1752001,2097152
1753000,1753001,2097152
1754000,1754001,2097152
1755000,1755001,2097152
1756000,1756001,2097152
1757000,1757001,2097152
1758000,1758001,2097152
1759000,1759001,2097152
1760000,1760001,2097152
1761000,1761001,2097152
1762000,1762001,2097152
1763000,1763001,2097152
1764000,1764001,2097152
1765000,1765001,2097152
1766000,1766001,2097152
1767000,1767001,2097152
1768000,1768001,2097152
1769000,1769001,2097152
1770000,1770001,2097152
1771000,1771001,2097152
1772000,1772001,2097152
1773000,1773001,2097152
1774000,1774001,2097152
1775000,1775001,2097152
1776000,1776001,2097152
1777000,1777001,2097152
1778000,1778001,2097152
1779000,1779001,2097152
1780000,1780001,2097152
1781000,1781001,2097152
1782000,1782001,2097152
1783000,1783001,2097152
1784000,1784001,2097152
1785000,1785001,2097152
1786000,1786001,2097152
1787000,1787001,2097152
1788000,1788001,2097152
1789000,1789001,2097152
1790000,1790001,2097152
1791000,1791001,2097152
1792000,1792001,2097152
1793000,1793001,2097152
1794000,1794001,2097152
1795000,1795001,2097152
1796000,1796001,2097152
1797000,1797001,2097152
1798000,1798001,2097152
1799000,1799001,2097152
1800000,1800001,2097152
1801000,1801001,2097152
1802000,1802001,2097152
1803000,1803001,2097152
1804000,1804001,2097152
1805000,1805001,2097152
1806000,1806001,2097152
1807000,1807001,2097152
1808000,1808001,2097152
1809000,1809001,2097152
1810000,1810001,2097152
1811000,1811001,2097152
1812000,1812001,2097152
1813000,1813001,2097152
1814000,1814001,2097152
1815000,1815001,2097152
1816000,1816001,2097152
1817000,1817001,2097152
1818000,1818001,2097152
1819000,1819001,2097152
1820000,1820001,2097152
1821000,1821001,2097152
1822000,1822001,2097152
1823000,1823001,2097152
1824000,1824001,2097152
1825000,1825001,2097152
1826000,1826001,2097152
1827000,1827001,2097152
1828000,1828001,2097152
1829000,1829001,2097152
1830000,1830001,2097152
1831000,1831001,2097152
1832000,1832001,2097152
1833000,1833001,2097152
1834000,1834001,2097152
1835000,1835001,2097152
1836000,1836001,2097152
1837000,1837001,2097152
1838000,1838001,2097152
1839000,1839001,2097152
1840000,1840001,2097152
1841000,1841001,2097152
1842000,1842001,2097152
1843000,1843001,2097152
1844000,1844001,2097152
1845000,1845001,2097152
1846000,1846001,2097152
1847000,1847001,2097152
1848000,1848001,2097152
1849000,1849001,2097152
1850000,1850001,2097152
1851000,1851001,2097152
1852000,1852001,2097152
1853000,1853001,2097152
1854000,1854001,2097152
1855000,1855001,2097152
1856000,1856001,2097152
1857000,1857001,2097152
1858000,1858001,2097152
1859000,1859001,2097152
1860000,1860001,2097152
1861000,1861001,2097152
1862000,1862001,2097152
1863000,1863001,2097152
1864000,1864001,2097152
1865000,1865001,2097152
1866000,1866001,2097152
1867000,1867001,2097152
1868000,1868001,2097152
1869000,1869001,2097152
1870000,1870001,2097152
1871000,1871001,2097152
1872000,1872001,2097152
1873000,1873001,2097152
1874000,1874001,2097152
1875000,1875001,2097152
1876000,1876001,2097152
1877000,1877001,2097152
1878000,1878001,2097152
1879000,1879001,2097152
1880000,1880001,2097152
1881000,1881001,2097152
1882000,1882001,2097152
1883000,1883001,2097152
1884000,1884001,2097152
1885000,1885001,2097152
1886000,1886001,2097152
1887000,1887001,2097152
1888000,1888001,2097152
1889000,1889001,2097152
1890000,1890001,2097152
1891000,1891001,2097152
1892000,1892001,2097152
1893000,1893001,2097152
1894000,1894001,2097152
1895000,1895001,2097152
1896000,1896001,2097152
1897000,1897001,2097152
1898000,1898001,2097152
1899000,1899001,2097152
1900000,1900001,2097152
1901000,1901001,2097152
1902000,1902001,2097152
1903000,1903001,2097152
1904000,1904001,2097152
1905000,1905001,2097152
1906000,1906001,2097152
1907000,1907001,2097152
1908000,1908001,2097152
1909000,1909001,2097152
1910000,1910001,2097152
1911000,1911001,2097152
1912000,1912001,2097152
1913000,1913001,2097152
1914000,1914001,2097152
1915000,1915001,2097152
1916000,1916001,2097152
1917000,1917001,2097152
1918000,1918001,2097152
1919000,1919001,2097152
1920000,1920001,2097152
1921000,1921001,2097152
1922000,1922001,2097152
1923000,1923001,2097152
1924000,1924001,2097152
1925000,1925001,2097152
1926000,1926001,2097152
1927000,1927001,2097152
1928000,1928001,2097152
1929000,1929001,2097152
1930000,1930001,2097152
1931000,1931001,2097152
1932000,1932001,2097152
1933000,1933001,2097152
1934000,1934001,2097152
1935000,1935001,2097152
1936000,1936001,2097152
1937000,1937001,2097152
1938000,1938001,2097152
1939000,1939001,2097152
1940000,1940001,2097152
1941000,1941001,2097152
1942000,1942001,2097152
1943000,1943001,2097152
1944000,1944001,2097152
1945000,1945001,2097152
1946000,1946001,2097152
1947000,1947001,2097152
1948000,1948001,2097152
1949000,1949001,2097152
1950000,1950001,2097152
1951000,1951001,2097152
1952000,1952001,2097152
1953000,1953001,2097152
1954000,1954001,2097152
1955000,1955001,2097152
1956000,1956001,2097152
1957000,1957001,2097152
1958000,1958001,2097152
1959000,1959001,2097152
1960000,1960001,2097152
1961000,1961001,2097152
1962000,1962001,2097152
1963000,1963001,2097152
1964000,1964001,2097152
1965000,1965001,2097152
1966000,1966001,2097152
1967000,1967001,2097152
1968000,1968001,2097152
1969000,1969001,2097152
1970000,1970001,2097152
1971000,1971001,2097152
1972000,1972001,2097152
1973000,1973001,2097152
1974000,1974001,2097152
1975000,1975001,2097152
1976000,1976001,2097152
1977000,1977001,2097152
1978000,1978001,2097152
1979000,1979001,2097152
1980000,1980001,2097152
1981000,1981001,2097152
1982000,1982001,2097152
1983000,1983001,2097152
1984000,1984001,2097152
1985000,1985001,2097152
1986000,1986001,2097152
1987000,1987001,2097152
1988000,1988001,2097152
1989000,1989001,2097152
1990000,1990001,2097152
1991000,1991001,2097152
1992000,1992001,2097152
1993000,1993001,2097152
1994000,1994001,2097152
1995000,1995001,2097152
1996000,1996001,2097152
1997000,1997001,2097152
1998000,1998001,2097152
1999000,1999001,2097152
2000000,2000001,2097152
2001000,2001001,2097152
2002000,2002001,2097152
2003000,2003001,2097152
2004000,2004001,2097152
2005000,2005001,2097152
2006000,2006001,2097152
2007000,2007001,2097152
2008000,2008001,2097152
2009000,2009001,2097152
2010000,2010001,2097152
2011000,2011001,2097152
2012000,2012001,2097152
2013000,2013001,2097152
2014000,2014001,2097152
2015000,2015001,2097152
2016000,2016001,2097152
2017000,2017001,2097152
2018000,2018001,2097152
2019000,2019001,2097152
2020000,2020001,2097152
2021000,2021001,2097152
2022000,2022001,2097152
2023000,2023001,2097152
2024000,2024001,2097152
2025000,2025001,2097152
2026000,2026001,2097152
2027000,2027001,2097152
2028000,2028001,2097152
2029000,2029001,2097152
2030000,2030001,2097152
2031000,2031001,2097152
2032000,2032001,2097152
2033000,2033001,2097152
2034000,2034001,2097152
2035000,2035001,2097152
2036000,2036001,2097152
2037000,2037001,2097152
2038000,2038001,2097152
2039000,2039001,2097152
2040000,2040001,2097152
2041000,2041001,2097152
2042000,2042001,2097152
2043000,2043001,2097152
2044000,2044001,2097152
2045000,2045001,2097152
2046000,2046001,2097152
2047000,2047001,2097152
2048000,2048001,2097152
2049000,2049001,2097152
2050000,2050001,2097152
2051000,2051001,2097152
2052000,2052001,2097152
2053000,2053001,2097152
2054000,2054001,2097152
2055000,2055001,2097152
2056000,2056001,2097152
2057000,2057001,2097152
2058000,2058001,2097152
2059000,2059001,2097152
2060000,2060001,2097152
2061000,2061001,2097152
2062000,2062001,2097152
2063000,2063001,2097152
2064000,2064001,2097152
2065000,2065001,2097152
2066000,2066001,2097152
2067000,2067001,2097152
2068000,2068001,2097152
2069000,2069001,2097152
2070000,2070001,2097152
2071000,2071001,2097152
2072000,2072001,2097152
2073000,2073001,2097152
2074000,2074001,2097152
2075000,2075001,2097152
2076000,2076001,2097152
2077000,2077001,2097152
2078000,2078001,2097152
2079000,2079001,2097152
2080000,2080001,2097152
2081000,2081001,2097152
2082000,2082001,2097152
2083000,2083001,2097152
2084000,2084001,2097152
2085000,2085001,2097152
2086000,2086001,2097152
2087000,2087001,2097152
2088000,2088001,2097152
2089000,2089001,2097152
2090000,2090001,2097152
2091000,2091001,2097152
2092000,2092001,2097152
2093000,2093001,2097152
2094000,2094001,2097152
2095000,2095001,2097152
2096000,2096001,2097152
2097000,2097001,2097152
2097152,2097153,4194304
2098000,2098001,4194304
2099000,2099001,4194304
2100000,2100001,4194304
2101000,2101001,4194304
2102000,2102001,4194304
2103000,2103001,4194304
2104000,2104001,4194304
2105000,2105001,4194304
2106000,2106001,4194304
2107000,2107001,4194304
2108000,2108001,4194304
2109000,2109001,4194304
2110000,2110001,4194304
2111000,2111001,4194304
2112000,2112001,4194304
2113000,2113001,4194304
2114000,2114001,4194304
2115000,2115001,4194304
2116000,2116001,4194304
2117000,2117001,4194304
2118000,2118001,4194304
2119000,2119001,4194304
2120000,2120001,4194304
2121000,2121001,4194304
2122000,2122001,4194304
2123000,2123001,4194304
2124000,2124001,4194304
2125000,2125001,4194304
2126000,2126001,4194304
2127000,2127001,4194304
2128000,2128001,4194304
2129000,2129001,4194304
2130000,2130001,4194304
2131000,2131001,4194304
2132000,2132001,4194304
2133000,2133001,4194304
2134000,2134001,4194304
2135000,2135001,4194304
2136000,2136001,4194304
2137000,2137001,4194304
2138000,2138001,4194304
2139000,2139001,4194304
2140000,2140001,4194304
2141000,2141001,4194304
2142000,2142001,4194304
2143000,2143001,4194304
2144000,2144001,4194304
2145000,2145001,4194304
2146000,2146001,4194304
2147000,2147001,4194304
2148000,2148001,4194304
2149000,2149001,4194304
2150000,2150001,4194304
2151000,2151001,4194304
2152000,2152001,4194304
2153000,2153001,4194304
2154000,2154001,4194304
2155000,2155001,4194304
2156000,2156001,4194304
2157000,2157001,4194304
2158000,2158001,4194304
2159000,2159001,4194304
2160000,2160001,4194304
2161000,2161001,4194304
2162000,2162001,4194304
2163000,2163001,4194304
2164000,2164001,4194304
2165000,2165001,4194304
2166000,2166001,4194304
2167000,2167001,4194304
2168000,2168001,4194304
2169000,2169001,4194304
2170000,2170001,4194304
2171000,2171001,4194304
2172000,2172001,4194304
2173000,2173001,4194304
2174000,2174001,4194304
2175000,2175001,4194304
2176000,2176001,4194304
2177000,2177001,4194304
2178000,2178001,4194304
2179000,2179001,4194304
2180000,2180001,4194304
2181000,2181001,4194304
2182000,2182001,4194304
2183000,2183001,4194304
2184000,2184001,4194304
2185000,2185001,4194304
2186000,2186001,4194304
2187000,2187001,4194304
2188000,2188001,4194304
2189000,2189001,4194304
2190000,2190001,4194304
2191000,2191001,4194304
2192000,2192001,4194304
2193000,2193001,4194304
2194000,2194001,4194304
2195000,2195001,4194304
2196000,2196001,4194304
2197000,2197001,4194304
2198000,2198001,4194304
2199000,2199001,4194304
2200000,2200001,4194304
2201000,2201001,4194304
2202000,2202001,4194304
2203000,2203001,4194304
2204000,2204001,4194304
2205000,2205001,4194304
2206000,2206001,4194304
2207000,2207001,4194304
2208000,2208001,4194304
2209000,2209001,4194304
2210000,2210001,4194304
2211000,2211001,4194304
2212000,2212001,4194304
2213000,2213001,4194304
2214000,2214001,4194304
2215000,2215001,4194304
2216000,2216001,4194304
2217000,2217001,4194304
2218000,2218001,4194304
2219000,2219001,4194304
2220000,2220001,4194304
2221000,2221001,4194304
2222000,2222001,4194304
2223000,2223001,4194304
2224000,2224001,4194304
2225000,2225001,4194304
2226000,2226001,4194304
2227000,2227001,4194304
2228000,2228001,4194304
2229000,2229001,4194304
2230000,2230001,4194304
2231000,2231001,4194304
2232000,2232001,4194304
2233000,2233001,4194304
2234000,2234001,4194304
2235000,2235001,4194304
2236000,2236001,4194304
2237000,2237001,4194304
2238000,2238001,4194304
2239000,2239001,4194304
2240000,2240001,4194304
2241000,2241001,4194304
2242000,2242001,4194304
2243000,2243001,4194304
2244000,2244001,4194304
2245000,2245001,4194304
2246000,2246001,4194304
2247000,2247001,4194304
2248000,2248001,4194304
2249000,2249001,4194304
2250000,2250001,4194304
2251000,2251001,4194304
2252000,2252001,4194304
2253000,2253001,4194304
2254000,2254001,4194304
2255000,2255001,4194304
2256000,2256001,4194304
2257000,2257001,4194304
2258000,2258001,4194304
2259000,2259001,4194304
2260000,2260001,4194304
2261000,2261001,4194304
2262000,2262001,4194304
2263000,2263001,4194304
2264000,2264001,4194304
2265000,2265001,4194304
2266000,2266001,4194304
2267000,2267001,4194304
2268000,2268001,4194304
2269000,2269001,4194304
2270000,2270001,4194304
2271000,2271001,4194304
2272000,2272001,4194304
2273000,2273001,4194304
2274000,2274001,4194304
2275000,2275001,4194304
2276000,2276001,4194304
2277000,2277001,4194304
2278000,2278001,4194304
2279000,2279001,4194304
2280000,2280001,4194304
2281000,2281001,4194304
2282000,2282001,4194304
2283000,2283001,4194304
2284000,2284001,4194304
2285000,2285001,4194304
2286000,2286001,4194304
2287000,2287001,4194304
2288000,2288001,4194304
2289000,2289001,4194304
2290000,2290001,4194304
2291000,2291001,4194304
2292000,2292001,4194304
2293000,2293001,4194304
2294000,2294001,4194304
2295000,2295001,4194304
2296000,2296001,4194304
2297000,2297001,4194304
2298000,2298001,4194304
2299000,2299001,4194304
2300000,2300001,4194304
2301000,2301001,4194304
2302000,2302001,4194304
2303000,2303001,4194304
2304000,2304001,4194304
2305000,2305001,4194304
2306000,2306001,4194304
2307000,2307001,4194304
2308000,2308001,4194304
2309000,2309001,4194304
2310000,2310001,4194304
2311000,2311001,4194304
2312000,2312001,4194304
2313000,2313001,4194304
2314000,2314001,4194304
2315000,2315001,4194304
2316000,2316001,4194304
2317000,2317001,4194304
2318000,2318001,4194304
2319000,2319001,4194304
2320000,2320001,4194304
2321000,2321001,4194304
2322000,2322001,4194304
2323000,2323001,4194304
2324000,2324001,4194304
2325000,2325001,4194304
2326000,2326001,4194304
2327000,2327001,4194304
2328000,2328001,4194304
2329000,2329001,4194304
2330000,2330001,4194304
2331000,2331001,4194304
2332000,2332001,4194304
2333000,2333001,4194304
2334000,2334001,4194304
2335000,2335001,4194304
2336000,2336001,4194304
2337000,2337001,4194304
2338000,2338001,4194304
2339000,2339001,4194304
2340000,2340001,4194304
2341000,2341001,4194304
2342000,2342001,4194304
2343000,2343001,4194304
2344000,2344001,4194304
2345000,2345001,4194304
2346000,2346001,4194304
2347000,2347001,4194304
2348000,2348001,4194304
2349000,2349001,4194304
2350000,2350001,4194304
2351000,2351001,4194304
2352000,2352001,4194304
2353000,2353001,4194304
2354000,2354001,4194304
2355000,2355001,4194304
2356000,2356001,4194304
2357000,2357001,4194304
2358000,2358001,4194304
2359000,2359001,4194304
2360000,2360001,4194304
2361000,2361001,4194304
2362000,2362001,4194304
2363000,2363001,4194304
2364000,2364001,4194304
2365000,2365001,4194304
2366000,2366001,4194304
2367000,2367001,4194304
2368000,2368001,4194304
2369000,2369001,4194304
2370000,2370001,4194304
2371000,2371001,4194304
2372000,2372001,4194304
2373000,2373001,4194304
2374000,2374001,4194304
2375000,2375001,4194304
2376000,2376001,4194304
2377000,2377001,4194304
2378000,2378001,4194304
2379000,2379001,4194304
2380000,2380001,4194304
2381000,2381001,4194304
2382000,2382001,4194304
2383000,2383001,4194304
2384000,2384001,4194304
2385000,2385001,4194304
2386000,2386001,4194304
2387000,2387001,4194304
2388000,2388001,4194304
2389000,2389001,4194304
2390000,2390001,4194304
2391000,2391001,4194304
2392000,2392001,4194304
2393000,2393001,4194304
2394000,2394001,4194304
2395000,2395001,4194304
2396000,2396001,4194304
2397000,2397001,4194304
2398000,2398001,4194304
2399000,2399001,4194304
2400000,2400001,4194304
2401000,2401001,4194304
2402000,2402001,4194304
2403000,2403001,4194304
2404000,2404001,4194304
2405000,2405001,4194304
2406000,2406001,4194304
2407000,2407001,4194304
2408000,2408001,4194304
2409000,2409001,4194304
2410000,2410001,4194304
2411000,2411001,4194304
2412000,2412001,4194304
2413000,2413001,4194304
2414000,2414001,4194304
2415000,2415001,4194304
2416000,2416001,4194304
2417000,2417001,4194304
2418000,2418001,4194304
2419000,2419001,4194304
2420000,2420001,4194304
2421000,2421001,4194304
2422000,2422001,4194304
2423000,2423001,4194304
2424000,2424001,4194304
2425000,2425001,4194304
2426000,2426001,4194304
2427000,2427001,4194304
2428000,2428001,4194304
2429000,2429001,4194304
2430000,2430001,4194304
2431000,2431001,4194304
2432000,2432001,4194304
2433000,2433001,4194304
2434000,2434001,4194304
2435000,2435001,4194304
2436000,2436001,4194304
2437000,2437001,4194304
2438000,2438001,4194304
2439000,2439001,4194304
2440000,2440001,4194304
2441000,2441001,4194304
2442000,2442001,4194304
2443000,2443001,4194304
2444000,2444001,4194304
2445000,2445001,4194304
2446000,2446001,4194304
2447000,2447001,4194304
2448000,2448001,4194304
2449000,2449001,4194304
2450000,2450001,4194304
2451000,2451001,4194304
2452000,2452001,4194304
2453000,2453001,4194304
2454000,2454001,4194304
2455000,2455001,4194304
2456000,2456001,4194304
2457000,2457001,4194304
2458000,2458001,4194304
2459000,2459001,4194304
2460000,2460001,4194304
2461000,2461001,4194304
2462000,2462001,4194304
2463000,2463001,4194304
2464000,2464001,4194304
2465000,2465001,4194304
2466000,2466001,4194304
2467000,2467001,4194304
2468000,2468001,4194304
2469000,2469001,4194304
2470000,2470001,4194304
2471000,2471001,4194304
2472000,2472001,4194304
2473000,2473001,4194304
2474000,2474001,4194304
2475000,2475001,4194304
2476000,2476001,4194304
2477000,2477001,4194304
2478000,2478001,4194304
2479000,2479001,4194304
2480000,2480001,4194304
2481000,2481001,4194304
2482000,2482001,4194304
2483000,2483001,4194304
2484000,2484001,4194304
2485000,2485001,4194304
2486000,2486001,4194304
2487000,2487001,4194304
2488000,2488001,4194304
2489000,2489001,4194304
2490000,2490001,4194304
2491000,2491001,4194304
2492000,2492001,4194304
2493000,2493001,4194304
2494000,2494001,4194304
2495000,2495001,4194304
2496000,2496001,4194304
2497000,2497001,4194304
2498000,2498001,4194304
2499000,2499001,4194304
2500000,2500001,4194304
2501000,2501001,4194304
2502000,2502001,4194304
2503000,2503001,4194304
2504000,2504001,4194304
2505000,2505001,4194304
2506000,2506001,4194304
2507000,2507001,4194304
2508000,2508001,4194304
2509000,2509001,4194304
2510000,2510001,4194304
2511000,2511001,4194304
2512000,2512001,4194304
2513000,2513001,4194304
2514000,2514001,4194304
2515000,2515001,4194304
2516000,2516001,4194304
2517000,2517001,4194304
2518000,2518001,4194304
2519000,2519001,4194304
2520000,2520001,4194304
2521000,2521001,4194304
2522000,2522001,4194304
2523000,2523001,4194304
2524000,2524001,4194304
2525000,2525001,4194304
2526000,2526001,4194304
2527000,2527001,4194304
2528000,2528001,4194304
2529000,2529001,4194304
2530000,2530001,4194304
2531000,2531001,4194304
2532000,2532001,4194304
2533000,2533001,4194304
2534000,2534001,4194304
2535000,2535001,4194304
2536000,2536001,4194304
2537000,2537001,4194304
2538000,2538001,4194304
2539000,2539001,4194304
2540000,2540001,4194304
2541000,2541001,4194304
2542000,2542001,4194304
2543000,2543001,4194304
2544000,2544001,4194304
2545000,2545001,4194304
2546000,2546001,4194304
2547000,2547001,4194304
2548000,2548001,4194304
2549000,2549001,4194304
2550000,2550001,4194304
2551000,2551001,4194304
2552000,2552001,4194304
2553000,2553001,4194304
2554000,2554001,4194304
2555000,2555001,4194304
2556000,2556001,4194304
2557000,2557001,4194304
2558000,2558001,4194304
2559000,2559001,4194304
2560000,2560001,4194304
2561000,2561001,4194304
2562000,2562001,4194304
2563000,2563001,4194304
2564000,2564001,4194304
2565000,2565001,4194304
2566000,2566001,4194304
2567000,2567001,4194304
2568000,2568001,4194304
2569000,2569001,4194304
2570000,2570001,4194304
2571000,2571001,4194304
2572000,2572001,4194304
2573000,2573001,4194304
2574000,2574001,4194304
2575000,2575001,4194304
2576000,2576001,4194304
2577000,2577001,4194304
2578000,2578001,4194304
2579000,2579001,4194304
2580000,2580001,4194304
2581000,2581001,4194304
2582000,2582001,4194304
2583000,2583001,4194304
2584000,2584001,4194304
2585000,2585001,4194304
2586000,2586001,4194304
2587000,2587001,4194304
2588000,2588001,4194304
2589000,2589001,4194304
2590000,2590001,4194304
2591000,2591001,4194304
2592000,2592001,4194304
2593000,2593001,4194304
2594000,2594001,4194304
2595000,2595001,4194304
2596000,2596001,4194304
2597000,2597001,4194304
2598000,2598001,4194304
2599000,2599001,4194304
2600000,2600001,4194304
2601000,2601001,4194304
2602000,2602001,4194304
2603000,2603001,4194304
2604000,2604001,4194304
2605000,2605001,4194304
2606000,2606001,4194304
2607000,2607001,4194304
2608000,2608001,4194304
2609000,2609001,4194304
2610000,2610001,4194304
2611000,2611001,4194304
2612000,2612001,4194304
2613000,2613001,4194304
2614000,2614001,4194304
2615000,2615001,4194304
2616000,2616001,4194304
2617000,2617001,4194304
2618000,2618001,4194304
2619000,2619001,4194304
2620000,2620001,4194304
2621000,2621001,4194304
